mpio,dpto,lon,lat,salida,llegada,total
Útica,Cundinamarca,-74.483,5.191,639,683,1322
Abejorral,Antioquia,-75.429,5.789,9604,3914,13518
Abrego,Norte de Santander,-73.222,8.082,8443,4262,12705
Abriaquí,Antioquia,-76.065,6.632,1840,838,2678
Acacías,Meta,-73.766,3.99,4140,12304,16444
Acandí,Chocó,-77.28,8.511,12486,8816,21302
Acevedo,Huila,-75.889,1.805,7040,3709,10749
Achí,Bolívar,-74.557,8.569,29886,6788,36674
Agrado,Huila,-75.772,2.26,297,339,636
Agua de Dios,Cundinamarca,-74.669,4.375,302,260,562
Aguachica,Cesar,-73.599,8.31,18080,23241,41321
Aguada,Santander,-73.523,6.162,140,15,155
Aguadas,Caldas,-75.455,5.61,3269,1971,5240
Aguazul,Casanare,-72.546,5.173,4907,2936,7843
Agustín Codazzi,Cesar,-73.238,10.04,43458,26551,70009
Aipe,Huila,-75.239,3.224,2867,1709,4576
Albán,Cundinamarca,-74.438,4.878,2749,1643,4392
Albán,Nariño,-77.081,1.475,2749,1643,4392
Albania,Caquetá,-75.878,1.329,6759,5295,12054
Albania,La Guajira,-72.599,11.157,6759,5295,12054
Albania,Santander,-73.914,5.759,6759,5295,12054
Alcalá,Valle del Cauca,-75.78,4.675,733,1620,2353
Aldana,Nariño,-77.7,0.882,102,81,183
Alejandría,Antioquia,-75.141,6.376,5613,3137,8750
Algarrobo,Magdalena,-74.061,10.188,6521,3007,9528
Algeciras,Huila,-75.315,2.522,14828,1260,16088
Almaguer,Cauca,-76.856,1.913,4938,190,5128
Almeida,Boyacá,-73.379,4.971,45,9,54
Alpujarra,Tolima,-74.933,3.392,1555,269,1824
Altamira,Huila,-75.788,2.064,271,684,955
Alto Baudo,Chocó,-76.974,5.516,14245,3098,17343
Altos del Rosario,Bolívar,-74.165,8.792,11793,3017,14810
Alvarado,Tolima,-74.954,4.567,1972,409,2381
Amagá,Antioquia,-75.702,6.039,1803,1410,3213
Amalfi,Antioquia,-75.083,6.912,7623,4169,11792
Ambalema,Tolima,-74.764,4.783,762,249,1011
Anapoima,Cundinamarca,-74.529,4.563,315,631,946
Ancuyá,Nariño,-77.515,1.263,440,838,1278
Andalucía,Valle del Cauca,-76.168,4.172,1045,649,1694
Andes,Antioquia,-75.879,5.657,4147,3440,7587
Angelópolis,Antioquia,-75.711,6.11,1657,856,2513
Angostura,Antioquia,-75.335,6.885,3811,1990,5801
Anolaima,Cundinamarca,-74.464,4.762,448,336,784
Anorí,Antioquia,-75.148,7.075,13882,6823,20705
Anserma,Caldas,-75.784,5.236,3793,2542,6335
Ansermanuevo,Valle del Cauca,-75.992,4.795,842,1089,1931
Anza,Antioquia,-75.854,6.303,4363,2651,7014
Anzoátegui,Tolima,-75.096,4.627,6098,984,7082
Apía,Risaralda,-75.942,5.106,1411,1479,2890
Apartadó,Antioquia,-76.626,7.883,69901,71074,140975
Apulo,Cundinamarca,-74.594,4.52,398,303,701
Aquitania,Boyacá,-72.884,5.519,832,421,1253
Aracataca,Magdalena,-74.187,10.59,22420,10728,33148
Aranzazu,Caldas,-75.491,5.271,655,458,1113
Aratoca,Santander,-73.018,6.694,119,87,206
Arauca,Arauca,-70.746,7.077,17114,26718,43832
Arauquita,Arauca,-71.427,7.027,20431,8863,29294
Arbeláez,Cundinamarca,-74.415,4.272,1062,587,1649
Arboleda,Nariño,-77.135,1.504,433,895,1328
Arboledas,Norte de Santander,-72.799,7.643,1863,345,2208
Arboletes,Antioquia,-76.427,8.851,27538,14288,41826
Arcabuco,Boyacá,-73.438,5.755,4,9,13
Arenal,Bolívar,-73.941,8.459,7315,3801,11116
Argelia,Antioquia,-75.142,5.731,43659,13375,57034
Argelia,Cauca,-77.249,2.257,43659,13375,57034
Argelia,Valle del Cauca,-76.12,4.727,43659,13375,57034
Ariguaní,Magdalena,-74.236,9.847,7147,3804,10951
Arjona,Bolívar,-75.344,10.257,2377,6310,8687
Armenia,Antioquia,-75.787,6.156,2822,23229,26051
Armenia,Quindío,-75.681,4.536,2822,23229,26051
Armero,Tolima,-74.884,5.031,1596,1165,2761
Arroyohondo,Bolívar,-75.017,10.243,1043,385,1428
Astrea,Cesar,-73.976,9.498,8635,2216,10851
Ataco,Tolima,-75.383,3.591,18510,3837,22347
Atrato,Chocó,-76.635,5.531,2831,785,3616
Ayapel,Córdoba,-75.146,8.314,9184,5152,14336
Bagadó,Chocó,-76.415,5.411,11550,3024,14574
Bahía Solano,Chocó,-77.403,6.222,3591,5347,8938
Bajo Baudó,Chocó,-77.365,4.955,12413,8163,20576
Balboa,Cauca,-77.216,2.04,9764,2321,12085
Balboa,Risaralda,-75.96,4.946,9764,2321,12085
Baranoa,Atlántico,-74.916,10.795,638,2032,2670
Baraya,Huila,-75.054,3.153,5334,2005,7339
Barbacoas,Nariño,-78.14,1.67,28527,11808,40335
Barbosa,Antioquia,-75.332,6.439,4521,6237,10758
Barbosa,Santander,-73.616,5.933,4521,6237,10758
Barichara,Santander,-73.223,6.634,76,38,114
Barranca de Upía,Meta,-72.964,4.571,600,959,1559
Barrancabermeja,Santander,-73.85,7.065,33999,54682,88681
Barrancas,La Guajira,-72.794,10.959,5790,5716,11506
Barranco Minas,Guainía,-69.813,3.494,2882,404,3286
Barranco de Loba,Bolívar,-74.105,8.948,15562,5621,21183
Barranquilla,Atlántico,-74.795,10.976,7182,123573,130755
Becerril,Cesar,-73.279,9.705,15702,10321,26023
Belén,Boyacá,-72.912,5.989,998,245,1243
Belén,Nariño,-77.016,1.596,998,245,1243
Belén de Los Andaquies,Caquetá,-75.872,1.416,8642,4601,13243
Belén de Umbría,Risaralda,-75.868,5.201,2504,1645,4149
Belalcázar,Caldas,-75.812,4.994,495,827,1322
Bello,Antioquia,-75.555,6.334,9256,49584,58840
Belmira,Antioquia,-75.667,6.606,601,381,982
Beltrán,Cundinamarca,-74.742,4.803,495,169,664
Berbeo,Boyacá,-73.127,5.227,127,108,235
Betéitiva,Boyacá,-72.809,5.91,17,6,23
Betania,Antioquia,-75.976,5.745,2762,1277,4039
Betulia,Antioquia,-75.985,6.115,20181,11351,31532
Betulia,Santander,-73.284,6.9,20181,11351,31532
Bituima,Cundinamarca,-74.54,4.872,314,35,349
Boavita,Boyacá,-72.585,6.331,109,15,124
Bochalema,Norte de Santander,-72.647,7.612,248,391,639
"Bogotá, D.C.","Bogotá, D.C.",-74.107,4.65,11518,517766,529284
Bojacá,Cundinamarca,-74.348,4.742,55,96,151
Bojaya,Chocó,-76.883,6.556,24849,5973,30822
Bolívar,Cauca,-76.966,1.837,24492,3018,27510
Bolívar,Santander,-73.771,5.989,24492,3018,27510
Bolívar,Valle del Cauca,-76.184,4.338,24492,3018,27510
Bosconia,Cesar,-73.889,9.975,9785,13771,23556
Boyacá,Boyacá,-73.362,5.454,237,85,322
Briceño,Antioquia,-75.548,7.115,7043,1950,8993
Briceño,Boyacá,-73.923,5.691,7043,1950,8993
Bucaramanga,Santander,-73.133,7.116,6426,67864,74290
Bucarasica,Norte de Santander,-72.868,8.041,2509,992,3501
Buenaventura,Valle del Cauca,-77.012,3.876,238571,182997,421568
Buenavista,Boyacá,-73.942,5.512,9706,10703,20409
Buenavista,Córdoba,-75.481,8.221,9706,10703,20409
Buenavista,Quindío,-75.739,4.36,9706,10703,20409
Buenavista,Sucre,-74.973,9.32,9706,10703,20409
Buenos Aires,Cauca,-76.642,3.015,17826,6326,24152
Buesaco,Nariño,-77.156,1.381,2413,2279,4692
Bugalagrande,Valle del Cauca,-76.157,4.208,6401,5270,11671
Buriticá,Antioquia,-75.908,6.72,6425,3881,10306
Busbanzá,Boyacá,-72.884,5.831,4,0,4
Cáceres,Antioquia,-75.352,7.578,23074,7609,30683
Cácota,Norte de Santander,-72.642,7.269,81,73,154
Cértegui,Chocó,-76.608,5.37,680,623,1303
Cómbita,Boyacá,-73.324,5.635,21,13,34
Córdoba,Bolívar,-74.827,9.587,30477,11015,41492
Córdoba,Nariño,-77.518,0.855,30477,11015,41492
Córdoba,Quindío,-75.688,4.392,30477,11015,41492
Cúcuta,Norte de Santander,-72.508,7.905,25312,98043,123355
Cañasgordas,Antioquia,-76.032,6.759,7649,2511,10160
Cabrera,Cundinamarca,-74.484,3.985,2004,537,2541
Cabrera,Santander,-73.247,6.592,2004,537,2541
Cabuyaro,Meta,-72.792,4.286,491,548,1039
Cachipay,Cundinamarca,-74.436,4.731,195,245,440
Cachirá,Norte de Santander,-73.049,7.741,2817,598,3415
Caicedo,Antioquia,-75.983,6.406,3067,822,3889
Caicedonia,Valle del Cauca,-75.83,4.335,2312,2490,4802
Caimito,Sucre,-75.117,8.789,1967,829,2796
Cajamarca,Tolima,-75.435,4.437,5640,2554,8194
Cajibío,Cauca,-76.571,2.623,13220,1589,14809
Cajicá,Cundinamarca,-74.023,4.921,82,732,814
Calamar,Bolívar,-74.914,10.252,12205,2389,14594
Calamar,Guaviare,-72.655,1.96,12205,2389,14594
Calarcá,Quindío,-75.649,4.515,2769,6235,9004
Caldas,Antioquia,-75.634,6.091,1449,3579,5028
Caldas,Boyacá,-73.866,5.555,1449,3579,5028
Caldono,Cauca,-76.484,2.798,5309,2159,7468
Cali,Valle del Cauca,-76.522,3.414,21960,157686,179646
California,Santander,-72.946,7.348,128,0,128
Calima,Valle del Cauca,-76.484,3.934,2527,1760,4287
Caloto,Cauca,-76.408,3.034,7657,5320,12977
Campamento,Antioquia,-75.298,6.98,3341,889,4230
Campo de La Cruz,Atlántico,-74.883,10.379,174,868,1042
Campoalegre,Huila,-75.326,2.687,3399,4539,7938
Campohermoso,Boyacá,-73.104,5.032,599,90,689
Canalete,Córdoba,-76.241,8.787,8356,2879,11235
Candelaria,Atlántico,-74.88,10.461,942,4623,5565
Candelaria,Valle del Cauca,-76.346,3.408,942,4623,5565
Cantagallo,Bolívar,-73.915,7.378,12557,2027,14584
Caparrapí,Cundinamarca,-74.491,5.348,6931,2150,9081
Capitanejo,Santander,-72.699,6.533,884,85,969
Caqueza,Cundinamarca,-73.946,4.404,259,282,541
Caracolí,Antioquia,-74.757,6.41,1003,512,1515
Caramanta,Antioquia,-75.644,5.549,666,216,882
Carcasí,Santander,-72.627,6.629,427,37,464
Carepa,Antioquia,-76.653,7.755,19299,27422,46721
Carmen de Apicalá,Tolima,-74.716,4.148,272,360,632
Carmen de Carupa,Cundinamarca,-73.902,5.349,44,32,76
Carmen del Darien,Chocó,-76.971,7.158,13176,4293,17469
Carolina,Antioquia,-75.283,6.726,390,402,792
Cartagena,Bolívar,-75.496,10.385,14879,122100,136979
Cartagena del Chairá,Caquetá,-74.847,1.335,37949,10289,48238
Cartago,Valle del Cauca,-75.942,4.759,1726,5200,6926
Caruru,Vaupés,-71.298,1.015,1474,325,1799
Casabianca,Tolima,-75.121,5.078,2200,266,2466
Castilla la Nueva,Meta,-73.688,3.828,646,1054,1700
Caucasia,Antioquia,-75.198,7.977,25881,22917,48798
Cepitá,Santander,-72.974,6.754,252,6,258
Cereté,Córdoba,-75.796,8.889,1545,7503,9048
Cerinza,Boyacá,-72.948,5.956,30,0,30
Cerrito,Santander,-72.692,6.844,826,472,1298
Cerro San Antonio,Magdalena,-74.868,10.326,4694,397,5091
Chía,Cundinamarca,-74.05,4.866,99,2210,2309
Chíquiza,Boyacá,-73.449,5.64,9,0,9
Chachagüí,Nariño,-77.282,1.36,441,1293,1734
Chaguaní,Cundinamarca,-74.593,4.949,1303,351,1654
Chalán,Sucre,-75.313,9.545,8973,2610,11583
Chameza,Casanare,-72.87,5.214,1930,1585,3515
Chaparral,Tolima,-75.481,3.723,22487,8012,30499
Charalá,Santander,-73.147,6.284,421,269,690
Charta,Santander,-72.969,7.281,495,64,559
Chigorodó,Antioquia,-76.681,7.666,31283,43409,74692
Chimá,Córdoba,-75.627,9.149,540,475,1015
Chima,Santander,-73.374,6.344,727,278,1005
Chimichagua,Cesar,-73.813,9.258,9991,4465,14456
Chinácota,Norte de Santander,-72.605,7.601,333,793,1126
Chinú,Córdoba,-75.4,9.105,2051,2557,4608
Chinavita,Boyacá,-73.368,5.167,122,94,216
Chinchiná,Caldas,-75.607,4.986,1427,2307,3734
Chipaque,Cundinamarca,-74.045,4.443,199,93,292
Chipatá,Santander,-73.637,6.063,126,19,145
Chiquinquirá,Boyacá,-73.818,5.614,404,1298,1702
Chiriguaná,Cesar,-73.6,9.361,10730,7099,17829
Chiscas,Boyacá,-72.502,6.554,566,64,630
Chita,Boyacá,-72.472,6.187,1166,232,1398
Chitagá,Norte de Santander,-72.665,7.138,661,134,795
Chitaraque,Boyacá,-73.447,6.027,143,140,283
Chivatá,Boyacá,-73.283,5.559,7,0,7
Chivolo,Magdalena,-74.623,10.027,12124,3149,15273
Chivor,Boyacá,-73.367,4.888,296,59,355
Choachí,Cundinamarca,-73.923,4.527,78,123,201
Chocontá,Cundinamarca,-73.684,5.145,100,238,338
Ciénaga,Magdalena,-74.241,11.007,43005,17080,60085
Ciénaga de Oro,Córdoba,-75.621,8.876,1337,2110,3447
Ciénega,Boyacá,-73.296,5.409,8,3,11
Cicuco,Bolívar,-74.645,9.275,873,762,1635
Cimitarra,Santander,-73.953,6.321,7224,4115,11339
Circasia,Quindío,-75.637,4.618,407,2135,2542
Cisneros,Antioquia,-75.087,6.538,1074,1191,2265
Ciudad Bolívar,Antioquia,-76.022,5.85,4391,2429,6820
Clemencia,Bolívar,-75.329,10.568,1439,1303,2742
Cocorná,Antioquia,-75.185,6.058,27557,10965,38522
Coello,Tolima,-74.898,4.287,485,256,741
Cogua,Cundinamarca,-73.978,5.062,15,34,49
Colón,Nariño,-77.02,1.644,2105,1604,3709
Colón,Putumayo,-76.972,1.19,2105,1604,3709
Colombia,Huila,-74.803,3.377,8908,2460,11368
Coloso,Sucre,-75.353,9.494,23306,5106,28412
Concepción,Antioquia,-75.258,6.394,3627,1605,5232
Concepción,Santander,-72.695,6.769,3627,1605,5232
Concordia,Antioquia,-75.908,6.047,6684,2023,8707
Concordia,Magdalena,-74.833,10.257,6684,2023,8707
Condoto,Chocó,-76.651,5.091,5992,4675,10667
Confines,Santander,-73.241,6.357,66,38,104
Consaca,Nariño,-77.465,1.208,500,1615,2115
Contadero,Nariño,-77.549,0.91,96,121,217
Contratación,Santander,-73.474,6.291,450,291,741
Convención,Norte de Santander,-73.337,8.47,22451,13093,35544
Copacabana,Antioquia,-75.509,6.349,840,4644,5484
Coper,Boyacá,-74.045,5.475,94,46,140
Corinto,Cauca,-76.261,3.174,6908,2282,9190
Coromoro,Santander,-73.041,6.295,669,151,820
Corozal,Sucre,-75.293,9.319,3240,30106,33346
Cota,Cundinamarca,-74.103,4.813,15,93,108
Cotorra,Córdoba,-75.799,9.037,310,1503,1813
Covarachía,Boyacá,-72.739,6.5,226,6,232
Coveñas,Sucre,-75.692,9.402,405,688,1093
Coyaima,Tolima,-75.194,3.798,12406,928,13334
Cravo Norte,Arauca,-70.204,6.304,3290,920,4210
Cuítiva,Boyacá,-72.966,5.58,17,0,17
Cuaspud,Nariño,-77.729,0.863,1575,1761,3336
Cubará,Boyacá,-72.111,7,696,738,1434
Cubarral,Meta,-73.839,3.794,1466,1610,3076
Cucaita,Boyacá,-73.454,5.544,13,0,13
Cucunubá,Cundinamarca,-73.766,5.25,9,2,11
Cucutilla,Norte de Santander,-72.773,7.539,592,643,1235
Cumaral,Meta,-73.486,4.27,1667,4260,5927
Cumaribo,Vichada,-69.796,4.446,15545,1719,17264
Cumbal,Nariño,-77.792,0.906,1379,1081,2460
Cumbitara,Nariño,-77.578,1.647,10423,3402,13825
Cunday,Tolima,-74.692,4.059,5973,1019,6992
Curillo,Caquetá,-75.919,1.033,18901,3062,21963
Curití,Santander,-73.069,6.605,78,66,144
Curumaní,Cesar,-73.541,9.202,26237,13604,39841
Dabeiba,Antioquia,-76.263,7,35499,13908,49407
Dagua,Valle del Cauca,-76.689,3.657,10050,9249,19299
Dibulla,La Guajira,-73.308,11.272,26500,13392,39892
Distracción,La Guajira,-72.887,10.898,1100,929,2029
Dolores,Tolima,-74.897,3.539,7122,1557,8679
Don Matías,Antioquia,-75.393,6.484,479,2063,2542
Dosquebradas,Risaralda,-75.682,4.827,1374,10392,11766
Duitama,Boyacá,-73.031,5.823,285,2326,2611
Durania,Norte de Santander,-72.659,7.715,266,200,466
Ebéjico,Antioquia,-75.766,6.326,969,295,1264
El Águila,Valle del Cauca,-76.041,4.91,1462,384,1846
El Bagre,Antioquia,-74.799,7.598,42035,17192,59227
El Banco,Magdalena,-73.974,9.009,7826,11074,18900
El Cairo,Valle del Cauca,-76.222,4.761,1395,698,2093
El Calvario,Meta,-73.713,4.353,714,70,784
El Cantón del San Pablo,Chocó,-76.727,5.335,1698,1212,2910
El Carmen,Norte de Santander,-73.447,8.511,9026,3212,12238
El Carmen de Atrato,Chocó,-76.142,5.9,6488,3704,10192
El Carmen de Bolívar,Bolívar,-75.121,9.719,118172,52203,170375
El Carmen de Chucurí,Santander,-73.511,6.698,4937,1163,6100
El Carmen de Viboral,Antioquia,-75.335,6.085,9019,7386,16405
El Castillo,Meta,-73.794,3.564,9679,3489,13168
El Cerrito,Valle del Cauca,-76.312,3.684,2402,3285,5687
El Charco,Nariño,-78.11,2.478,37875,22435,60310
El Cocuy,Boyacá,-72.445,6.408,344,36,380
El Colegio,Cundinamarca,-74.443,4.579,1054,892,1946
El Copey,Cesar,-73.963,10.15,24544,8776,33320
El Doncello,Caquetá,-75.284,1.68,11761,5088,16849
El Dorado,Meta,-73.835,3.74,3030,1852,4882
El Dovio,Valle del Cauca,-76.237,4.51,5544,1011,6555
El Espino,Boyacá,-72.497,6.483,251,31,282
El Guacamayo,Santander,-73.497,6.245,168,50,218
El Guamo,Bolívar,-74.976,10.031,4798,1228,6026
El Litoral del San Juan,Chocó,-77.36,4.257,7935,604,8539
El Molino,La Guajira,-72.927,10.654,5195,6320,11515
El Paso,Cesar,-73.742,9.668,6184,3064,9248
El Paujil,Caquetá,-75.326,1.57,9971,7756,17727
El Peñón,Bolívar,-73.949,8.988,6973,2448,9421
El Peñón,Cundinamarca,-74.291,5.249,6973,2448,9421
El Peñón,Santander,-73.817,6.054,6973,2448,9421
El Peñol,Nariño,-77.438,1.453,1160,786,1946
El Piñon,Magdalena,-74.823,10.403,10003,2744,12747
El Playón,Santander,-73.203,7.471,4625,3684,8309
El Retén,Magdalena,-74.268,10.611,5359,6294,11653
El Retorno,Guaviare,-72.627,2.33,11164,1658,12822
El Roble,Sucre,-75.199,9.1,3716,732,4448
El Rosal,Cundinamarca,-74.264,4.852,37,288,325
El Rosario,Nariño,-77.335,1.742,7728,3594,11322
El Santuario,Antioquia,-75.266,6.137,4478,6923,11401
El Tablón de Gómez,Nariño,-77.097,1.427,5912,2273,8185
El Tambo,Cauca,-76.811,2.451,32666,8568,41234
El Tambo,Nariño,-77.39,1.408,32666,8568,41234
El Tarra,Norte de Santander,-73.095,8.577,20982,7102,28084
El Zulia,Norte de Santander,-72.605,7.938,3089,4406,7495
Elías,Huila,-75.938,2.013,126,123,249
Encino,Santander,-73.099,6.137,144,55,199
Enciso,Santander,-72.7,6.668,244,64,308
Entrerrios,Antioquia,-75.518,6.566,210,238,448
Envigado,Antioquia,-75.583,6.167,476,4112,4588
Espinal,Tolima,-74.885,4.151,1017,2597,3614
Fúquene,Cundinamarca,-73.796,5.404,7,1,8
Facatativá,Cundinamarca,-74.35,4.813,342,5989,6331
Falan,Tolima,-74.953,5.123,1951,362,2313
Filadelfia,Caldas,-75.562,5.297,719,239,958
Filandia,Quindío,-75.659,4.674,158,812,970
Firavitoba,Boyacá,-72.993,5.669,9,3,12
Flandes,Tolima,-74.819,4.276,310,519,829
Florencia,Caquetá,-75.609,1.618,36407,103228,139635
Florencia,Cauca,-77.073,1.683,36407,103228,139635
Floresta,Boyacá,-72.918,5.86,7,0,7
Florián,Santander,-73.971,5.805,938,63,1001
Florida,Valle del Cauca,-76.235,3.324,7766,6972,14738
Floridablanca,Santander,-73.099,7.072,878,19761,20639
Fomeque,Cundinamarca,-73.893,4.485,219,138,357
Fonseca,La Guajira,-72.847,10.884,8827,9798,18625
Fortul,Arauca,-71.769,6.797,6962,4650,11612
Fosca,Cundinamarca,-73.939,4.339,197,9,206
Francisco Pizarro,Nariño,-78.658,2.041,4426,1058,5484
Fredonia,Antioquia,-75.671,5.924,711,843,1554
Fresno,Tolima,-75.036,5.154,4287,2386,6673
Frontino,Antioquia,-76.131,6.776,15025,9984,25009
Fuente de Oro,Meta,-73.618,3.463,2185,2307,4492
Fundación,Magdalena,-74.191,10.514,41409,36664,78073
Funes,Nariño,-77.449,1.001,430,209,639
Funza,Cundinamarca,-74.212,4.713,91,1586,1677
Fusagasugá,Cundinamarca,-74.366,4.338,2148,10806,12954
Génova,Quindío,-75.79,4.207,2998,1480,4478
Gómez Plata,Antioquia,-75.22,6.683,736,484,1220
Güepsa,Santander,-73.575,6.025,85,41,126
Güicán,Boyacá,-72.412,6.463,325,42,367
Gachala,Cundinamarca,-73.52,4.694,571,137,708
Gachancipá,Cundinamarca,-73.873,4.991,14,41,55
Gachantivá,Boyacá,-73.549,5.752,10,16,26
Gachetá,Cundinamarca,-73.637,4.817,498,191,689
Galán,Santander,-73.288,6.638,306,121,427
Galapa,Atlántico,-74.867,10.92,585,3407,3992
Galeras,Sucre,-75.049,9.16,6453,5455,11908
Gama,Cundinamarca,-73.611,4.763,143,15,158
Gamarra,Cesar,-73.744,8.32,1927,1259,3186
Gambita,Santander,-73.344,5.946,368,14,382
Gameza,Boyacá,-72.806,5.802,62,35,97
Garagoa,Boyacá,-73.364,5.083,221,384,605
Garzón,Huila,-75.628,2.197,6794,12045,18839
Gigante,Huila,-75.541,2.388,5526,3472,8998
Ginebra,Valle del Cauca,-76.268,3.724,934,1129,2063
Girón,Santander,-73.168,7.073,2456,18326,20782
Giraldo,Antioquia,-75.952,6.681,701,353,1054
Girardot,Cundinamarca,-74.798,4.313,629,3276,3905
Girardota,Antioquia,-75.444,6.38,1008,2467,3475
González,Cesar,-73.38,8.39,665,710,1375
Gramalote,Norte de Santander,-72.787,7.917,443,151,594
Granada,Antioquia,-75.184,6.143,37552,25510,63062
Granada,Cundinamarca,-74.351,4.52,37552,25510,63062
Granada,Meta,-73.706,3.547,37552,25510,63062
Guática,Risaralda,-75.799,5.316,2748,2584,5332
Guaca,Santander,-72.856,6.877,646,46,692
Guacamayas,Boyacá,-72.501,6.46,65,0,65
Guacarí,Valle del Cauca,-76.331,3.763,876,1789,2665
Guachené,Cauca,-76.392,3.134,232,216,448
Guachetá,Cundinamarca,-73.687,5.384,53,335,388
Guachucal,Nariño,-77.732,0.96,211,70,281
Guadalajara de Buga,Valle del Cauca,-76.299,3.901,7142,8777,15919
Guadalupe,Antioquia,-75.24,6.814,3445,3103,6548
Guadalupe,Huila,-75.755,2.025,3445,3103,6548
Guadalupe,Santander,-73.419,6.246,3445,3103,6548
Guaduas,Cundinamarca,-74.603,5.072,1847,1790,3637
Guaitarilla,Nariño,-77.55,1.13,457,285,742
Gualmatán,Nariño,-77.567,0.92,45,28,73
Guamal,Magdalena,-74.224,9.144,3803,1640,5443
Guamal,Meta,-73.77,3.881,3803,1640,5443
Guamo,Tolima,-74.968,4.031,2081,654,2735
Guapi,Cauca,-77.888,2.573,13350,7949,21299
Guapotá,Santander,-73.321,6.309,40,11,51
Guaranda,Sucre,-74.538,8.465,5788,9963,15751
Guarne,Antioquia,-75.442,6.278,1088,2766,3854
Guasca,Cundinamarca,-73.877,4.867,74,384,458
Guatapé,Antioquia,-75.162,6.233,1862,1469,3331
Guataquí,Cundinamarca,-74.79,4.517,121,26,147
Guatavita,Cundinamarca,-73.833,4.934,21,0,21
Guateque,Boyacá,-73.471,5.007,174,180,354
Guavatá,Santander,-73.701,5.954,229,35,264
Guayabal de Siquima,Cundinamarca,-74.467,4.878,829,279,1108
Guayabetal,Cundinamarca,-73.815,4.215,1349,676,2025
Guayatá,Boyacá,-73.49,4.967,137,70,207
Gutiérrez,Cundinamarca,-74.003,4.255,685,103,788
Hacarí,Norte de Santander,-73.146,8.322,15064,7472,22536
Hatillo de Loba,Bolívar,-74.078,8.956,871,531,1402
Hato,Santander,-73.308,6.543,565,380,945
Hato Corozal,Casanare,-71.765,6.156,2845,1651,4496
Hatonuevo,La Guajira,-72.759,11.069,938,2315,3253
Heliconia,Antioquia,-75.734,6.207,1780,727,2507
Herrán,Norte de Santander,-72.484,7.507,302,229,531
Herveo,Tolima,-75.177,5.08,2021,454,2475
Hispania,Antioquia,-75.907,5.799,246,263,509
Hobo,Huila,-75.451,2.583,1047,669,1716
Honda,Tolima,-74.742,5.202,808,718,1526
Ibagué,Tolima,-75.194,4.44,21004,86397,107401
Icononzo,Tolima,-74.532,4.176,4641,1003,5644
Iles,Nariño,-77.521,0.969,86,404,490
Imués,Nariño,-77.496,1.055,88,269,357
Inírida,Guainía,-67.919,3.866,4068,10419,14487
Inzá,Cauca,-76.064,2.549,3123,545,3668
Ipiales,Nariño,-77.646,0.828,5321,9435,14756
Iquira,Huila,-75.634,2.649,3275,982,4257
Isnos,Huila,-76.218,1.929,5304,3070,8374
Istmina,Chocó,-76.685,5.154,17120,11862,28982
Itagüí,Antioquia,-75.614,6.17,4522,18178,22700
Ituango,Antioquia,-75.765,7.172,33929,13686,47615
Iza,Boyacá,-72.98,5.612,23,10,33
Jambaló,Cauca,-76.324,2.778,7309,5198,12507
Jamundí,Valle del Cauca,-76.542,3.262,9523,11658,21181
Jardín,Antioquia,-75.819,5.598,1322,746,2068
Jenesano,Boyacá,-73.364,5.386,35,32,67
Jericó,Antioquia,-75.785,5.79,513,351,864
Jericó,Boyacá,-72.571,6.146,513,351,864
Jerusalén,Cundinamarca,-74.695,4.562,393,35,428
Jesús María,Santander,-73.783,5.877,170,44,214
Jordán,Santander,-73.096,6.733,31,23,54
Juan de Acosta,Atlántico,-75.041,10.83,80,290,370
Junín,Cundinamarca,-73.663,4.79,365,35,400
Juradó,Chocó,-77.763,7.104,4825,1375,6200
Lérida,Tolima,-74.911,4.862,3325,1709,5034
Líbano,Tolima,-75.063,4.923,16229,13595,29824
López,Cauca,-77.248,2.847,19994,8366,28360
La Apartada,Córdoba,-75.339,8.052,2423,4333,6756
La Argentina,Huila,-75.98,2.198,1969,1852,3821
La Belleza,Santander,-73.966,5.86,1532,355,1887
La Calera,Cundinamarca,-73.97,4.72,118,190,308
La Capilla,Boyacá,-73.444,5.096,39,6,45
La Ceja,Antioquia,-75.429,6.028,2065,6155,8220
La Celia,Risaralda,-76.003,5.003,899,617,1516
La Cruz,Nariño,-76.971,1.601,3110,2149,5259
La Cumbre,Valle del Cauca,-76.568,3.649,1144,618,1762
La Dorada,Caldas,-74.658,5.444,3691,7610,11301
La Esperanza,Norte de Santander,-73.328,7.64,3423,1423,4846
La Estrella,Antioquia,-75.645,6.158,580,2979,3559
La Florida,Nariño,-77.406,1.299,1557,1743,3300
La Gloria,Cesar,-73.803,8.619,6427,2920,9347
La Jagua de Ibirico,Cesar,-73.334,9.564,16565,7550,24115
La Jagua del Pilar,La Guajira,-73.072,10.51,1117,628,1745
La Llanada,Nariño,-77.581,1.473,2486,2152,4638
La Macarena,Meta,-73.787,2.178,10757,1744,12501
La Merced,Caldas,-75.548,5.395,930,269,1199
La Mesa,Cundinamarca,-74.462,4.631,758,1288,2046
La Montañita,Caquetá,-75.436,1.479,21609,6879,28488
La Palma,Cundinamarca,-74.391,5.359,15052,3170,18222
La Paz,Cesar,-73.171,10.387,15169,10708,25877
La Paz,Santander,-73.59,6.179,15169,10708,25877
La Peña,Cundinamarca,-74.393,5.2,1346,311,1657
La Pintada,Antioquia,-75.608,5.744,908,590,1498
La Plata,Huila,-75.891,2.39,6100,5217,11317
La Playa,Norte de Santander,-73.239,8.213,4738,1643,6381
La Primavera,Vichada,-70.41,5.486,2343,1423,3766
La Salina,Casanare,-72.334,6.128,292,82,374
La Sierra,Cauca,-76.763,2.179,3402,666,4068
La Tebaida,Quindío,-75.786,4.454,450,4348,4798
La Tola,Nariño,-78.19,2.398,4585,2049,6634
La Unión,Antioquia,-75.361,5.974,11305,13559,24864
La Unión,Nariño,-77.131,1.6,11305,13559,24864
La Unión,Sucre,-75.276,8.854,11305,13559,24864
La Unión,Valle del Cauca,-76.1,4.534,11305,13559,24864
La Uvita,Boyacá,-72.56,6.316,99,7,106
La Vega,Cauca,-76.779,2.001,10722,949,11671
La Vega,Cundinamarca,-74.331,4.993,10722,949,11671
La Victoria,Boyacá,-74.234,5.524,870,524,1394
La Victoria,Valle del Cauca,-76.037,4.524,870,524,1394
La Virginia,Risaralda,-75.884,4.899,1266,3751,5017
Labateca,Norte de Santander,-72.496,7.298,361,94,455
Labranzagrande,Boyacá,-72.578,5.563,1423,170,1593
Landázuri,Santander,-73.811,6.219,4416,2773,7189
Lebríja,Santander,-73.22,7.113,4737,6013,10750
Leguízamo,Putumayo,-74.782,-0.192,13344,6516,19860
Leiva,Nariño,-77.306,1.935,6575,1856,8431
Lejanías,Meta,-74.024,3.526,8274,3309,11583
Lenguazaque,Cundinamarca,-73.711,5.306,16,10,26
Leticia,Amazonas,-69.941,-4.2,982,1944,2926
Liborina,Antioquia,-75.813,6.677,5097,2897,7994
Linares,Nariño,-77.522,1.351,3021,2420,5441
Lloró,Chocó,-76.545,5.498,7588,3544,11132
Lorica,Córdoba,-75.816,9.241,5064,4365,9429
Los Andes,Nariño,-77.521,1.495,5682,6608,12290
Los Córdobas,Córdoba,-76.355,8.892,3580,4471,8051
Los Palmitos,Sucre,-75.269,9.38,11779,8775,20554
Los Patios,Norte de Santander,-72.506,7.833,1006,3026,4032
Los Santos,Santander,-73.103,6.755,82,53,135
Lourdes,Norte de Santander,-72.833,7.945,695,543,1238
Luruaco,Atlántico,-75.142,10.611,764,846,1610
Málaga,Santander,-72.732,6.703,1145,995,2140
Macanal,Boyacá,-73.32,4.972,166,79,245
Macaravita,Santander,-72.593,6.507,522,39,561
Maceo,Antioquia,-74.787,6.552,2474,1195,3669
Macheta,Cundinamarca,-73.608,5.08,197,41,238
Madrid,Cundinamarca,-74.266,4.736,93,1477,1570
Magüi,Nariño,-78.181,1.765,8623,2873,11496
Magangué,Bolívar,-74.77,9.269,16631,52191,68822
Mahates,Bolívar,-75.191,10.233,6011,4111,10122
Maicao,La Guajira,-72.242,11.378,12500,14577,27077
Majagual,Sucre,-74.628,8.541,6923,3108,10031
Malambo,Atlántico,-74.774,10.856,1110,13558,14668
Mallama,Nariño,-77.864,1.141,1714,1253,2967
Maní,Casanare,-72.281,4.817,4268,3257,7525
Manatí,Atlántico,-74.957,10.449,184,329,513
Manaure,Cesar,-73.028,10.391,4158,5611,9769
Manaure,La Guajira,-72.44,11.774,4158,5611,9769
Manizales,Caldas,-75.491,5.058,3464,19371,22835
Manta,Cundinamarca,-73.541,5.009,132,38,170
Manzanares,Caldas,-75.153,5.256,2783,3233,6016
Mapiripán,Meta,-72.136,2.896,21890,5006,26896
María La Baja,Bolívar,-75.301,9.983,30807,17376,48183
Margarita,Bolívar,-74.281,9.156,741,280,1021
Marinilla,Antioquia,-75.339,6.172,3757,9482,13239
Maripí,Boyacá,-74.004,5.55,498,75,573
Mariquita,Tolima,-74.889,5.2,2088,2270,4358
Marmato,Caldas,-75.6,5.474,512,125,637
Marquetalia,Caldas,-75.053,5.298,6597,5148,11745
Marsella,Risaralda,-75.739,4.936,504,1148,1652
Marulanda,Caldas,-75.259,5.284,1729,481,2210
Matanza,Santander,-73.016,7.323,2178,612,2790
Medellín,Antioquia,-75.582,6.247,117601,416695,534296
Medina,Cundinamarca,-73.349,4.507,5380,2679,8059
Medio Atrato,Chocó,-76.782,5.995,10217,1756,11973
Medio Baudó,Chocó,-76.95,5.194,6814,2327,9141
Medio San Juan,Chocó,-76.693,5.1,3757,1508,5265
Melgar,Tolima,-74.63,4.208,395,2269,2664
Mercaderes,Cauca,-77.166,1.776,7399,4958,12357
Mesetas,Meta,-74.044,3.384,12488,1787,14275
Milán,Caquetá,-75.507,1.29,13933,1840,15773
Miraflores,Boyacá,-73.146,5.197,12013,1145,13158
Miraflores,Guaviare,-71.951,1.338,12013,1145,13158
Miranda,Cauca,-76.229,3.253,5572,4914,10486
Mistrató,Risaralda,-75.883,5.297,5388,1646,7034
Mitú,Vaupés,-70.235,1.251,7042,4633,11675
Moñitos,Córdoba,-76.129,9.245,3726,3012,6738
Mocoa,Putumayo,-76.65,1.152,8890,32256,41146
Mogotes,Santander,-72.97,6.475,590,251,841
Molagavita,Santander,-72.809,6.674,461,10,471
Momil,Córdoba,-75.678,9.241,678,809,1487
Mompós,Bolívar,-74.428,9.244,3366,1455,4821
Monguí,Boyacá,-72.849,5.723,21,0,21
Mongua,Boyacá,-72.798,5.754,226,131,357
Moniquirá,Boyacá,-73.573,5.876,257,314,571
Montebello,Antioquia,-75.524,5.946,4308,1481,5789
Montecristo,Bolívar,-74.472,8.297,28379,7201,35580
Montelíbano,Córdoba,-75.417,7.974,41739,31747,73486
Montenegro,Quindío,-75.752,4.563,805,4992,5797
Montería,Córdoba,-75.876,8.745,36310,114417,150727
Monterrey,Casanare,-72.895,4.877,2088,1604,3692
Morales,Bolívar,-73.868,8.276,20361,9637,29998
Morales,Cauca,-76.629,2.755,20361,9637,29998
Morelia,Caquetá,-75.725,1.488,2957,1950,4907
Morroa,Sucre,-75.306,9.331,7835,3641,11476
Mosquera,Cundinamarca,-74.232,4.711,4490,3966,8456
Mosquera,Nariño,-78.453,2.507,4490,3966,8456
Motavita,Boyacá,-73.368,5.578,9,6,15
Murillo,Tolima,-75.171,4.875,2158,385,2543
Murindó,Antioquia,-76.817,6.978,3319,4021,7340
Mutatá,Antioquia,-76.436,7.243,35653,20454,56107
Mutiscua,Norte de Santander,-72.747,7.3,65,21,86
Muzo,Boyacá,-74.103,5.532,1042,284,1326
Nátaga,Huila,-75.809,2.545,1408,268,1676
Nóvita,Chocó,-76.607,4.956,5274,777,6051
Nariño,Antioquia,-75.176,5.611,17992,6588,24580
Nariño,Cundinamarca,-74.825,4.4,17992,6588,24580
Nariño,Nariño,-77.358,1.289,17992,6588,24580
Natagaima,Tolima,-75.093,3.625,10825,2356,13181
Nechí,Antioquia,-74.776,8.094,14866,9747,24613
Necoclí,Antioquia,-76.785,8.426,44591,27327,71918
Neira,Caldas,-75.52,5.167,1326,681,2007
Neiva,Huila,-75.278,2.936,13796,64539,78335
Nemocón,Cundinamarca,-73.88,5.067,15,44,59
Nilo,Cundinamarca,-74.62,4.306,85,219,304
Nimaima,Cundinamarca,-74.386,5.126,355,137,492
Nobsa,Boyacá,-72.94,5.771,40,145,185
Nocaima,Cundinamarca,-74.378,5.069,164,209,373
Norcasia,Caldas,-74.89,5.575,4157,1285,5442
Norosí,Bolívar,-74.038,8.526,2852,3975,6827
Nueva Granada,Magdalena,-74.392,9.802,2037,1245,3282
Nuevo Colón,Boyacá,-73.457,5.355,33,7,40
Nunchía,Casanare,-72.195,5.637,1539,585,2124
Nuquí,Chocó,-77.263,5.712,3082,1442,4524
Obando,Valle del Cauca,-75.975,4.576,583,734,1317
Ocaña,Norte de Santander,-73.356,8.247,10731,35957,46688
Ocamonte,Santander,-73.123,6.34,69,17,86
Oiba,Santander,-73.3,6.265,156,237,393
Oicatá,Boyacá,-73.308,5.595,6,0,6
Olaya,Antioquia,-75.812,6.628,376,216,592
Olaya Herrera,Nariño,-78.326,2.348,16216,6847,23063
Onzaga,Santander,-72.817,6.344,327,57,384
Oporapa,Huila,-75.995,2.025,1544,1171,2715
Orito,Putumayo,-76.873,0.664,25274,9907,35181
Orocué,Casanare,-71.339,4.79,1305,867,2172
Ortega,Tolima,-75.223,3.935,11562,1106,12668
Ospina,Nariño,-77.566,1.058,45,40,85
Otanche,Boyacá,-74.181,5.658,1552,500,2052
Ovejas,Sucre,-75.229,9.527,42817,16221,59038
Pácora,Caldas,-75.46,5.527,1491,342,1833
Páez,Boyacá,-73.054,5.095,1658,1026,2684
Páramo,Santander,-73.17,6.417,22,0,22
Pachavita,Boyacá,-73.397,5.14,15,6,21
Pacho,Cundinamarca,-74.156,5.137,1191,1693,2884
Padilla,Cauca,-76.313,3.221,325,199,524
Paez,Cauca,-75.972,2.641,6722,2313,9035
Paicol,Huila,-75.773,2.45,149,302,451
Pailitas,Cesar,-73.626,8.956,15118,9421,24539
Paime,Cundinamarca,-74.152,5.37,1007,151,1158
Paipa,Boyacá,-73.118,5.78,61,353,414
Pajarito,Boyacá,-72.703,5.294,838,553,1391
Palermo,Huila,-75.434,2.888,1857,2665,4522
Palestina,Caldas,-75.622,5.021,1826,2377,4203
Palestina,Huila,-76.133,1.723,1826,2377,4203
Palmar,Santander,-73.291,6.538,35,11,46
Palmar de Varela,Atlántico,-74.755,10.739,141,2464,2605
Palmas del Socorro,Santander,-73.288,6.406,9,31,40
Palmira,Valle del Cauca,-76.299,3.532,5499,12409,17908
Palmito,Sucre,-75.541,9.333,2330,1109,3439
Palocabildo,Tolima,-75.022,5.121,2487,533,3020
Pamplona,Norte de Santander,-72.648,7.373,532,1339,1871
Pamplonita,Norte de Santander,-72.639,7.437,76,57,133
Pandi,Cundinamarca,-74.487,4.19,1509,287,1796
Panqueba,Boyacá,-72.459,6.443,71,2,73
Paratebueno,Cundinamarca,-73.213,4.375,1329,1051,2380
Pasca,Cundinamarca,-74.305,4.31,948,255,1203
Pasto,Nariño,-77.279,1.212,12305,71840,84145
Patía,Cauca,-76.981,2.116,13356,3838,17194
Pauna,Boyacá,-73.978,5.656,647,245,892
Paya,Boyacá,-72.424,5.626,596,59,655
Paz de Ariporo,Casanare,-71.891,5.88,4045,3907,7952
Paz de Río,Boyacá,-72.749,5.988,71,26,97
Peñol,Antioquia,-75.243,6.219,5450,3513,8963
Pedraza,Magdalena,-74.915,10.188,3794,946,4740
Pelaya,Cesar,-73.666,8.689,11236,6490,17726
Pensilvania,Caldas,-75.16,5.383,18683,7587,26270
Peque,Antioquia,-75.91,7.021,13505,8842,22347
Pereira,Risaralda,-75.717,4.806,4377,54734,59111
Pesca,Boyacá,-73.051,5.559,128,65,193
Piamonte,Cauca,-76.326,1.117,7865,1811,9676
Piedecuesta,Santander,-73.055,6.997,1396,11959,13355
Piedras,Tolima,-74.878,4.544,132,120,252
Piendamó,Cauca,-76.529,2.642,2234,3555,5789
Pijao,Quindío,-75.703,4.335,1741,1658,3399
Pijiño del Carmen,Magdalena,-74.458,9.332,1434,587,2021
Pinchote,Santander,-73.173,6.532,48,12,60
Pinillos,Bolívar,-74.462,8.915,8817,4516,13333
Piojó,Atlántico,-75.107,10.749,445,170,615
Pisba,Boyacá,-72.486,5.722,464,39,503
Pital,Huila,-75.804,2.267,721,1252,1973
Pitalito,Huila,-76.049,1.853,8401,30650,39051
Pivijay,Magdalena,-74.614,10.461,40241,11688,51929
Planadas,Tolima,-75.644,3.198,21304,3681,24985
Planeta Rica,Córdoba,-75.583,8.408,8937,12388,21325
Plato,Magdalena,-74.785,9.797,22639,17791,40430
Policarpa,Nariño,-77.459,1.628,19469,5863,25332
Polonuevo,Atlántico,-74.854,10.778,149,368,517
Ponedera,Atlántico,-74.754,10.642,196,1630,1826
Popayán,Cauca,-76.574,2.483,6301,105546,111847
Pore,Casanare,-71.993,5.728,2388,803,3191
Potosí,Nariño,-77.573,0.806,438,669,1107
Pradera,Valle del Cauca,-76.242,3.42,5973,5466,11439
Prado,Tolima,-74.927,3.751,6505,1717,8222
Providencia,Nariño,-77.597,1.238,672,1323,1995
Providencia,San Andrés,-81.371,13.37,672,1323,1995
Pueblo Bello,Cesar,-73.589,10.415,12281,6243,18524
Pueblo Nuevo,Córdoba,-75.508,8.504,5316,3968,9284
Pueblo Rico,Risaralda,-76.031,5.222,11085,2827,13912
Pueblorrico,Antioquia,-75.841,5.792,1353,320,1673
Puebloviejo,Magdalena,-74.282,10.995,7596,3569,11165
Puente Nacional,Santander,-73.678,5.878,311,183,494
Puerres,Nariño,-77.504,0.885,514,719,1233
Puerto Asís,Putumayo,-76.497,0.505,40730,28189,68919
Puerto Berrío,Antioquia,-74.41,6.487,8156,3302,11458
Puerto Boyacá,Boyacá,-74.588,5.978,5096,3274,8370
Puerto Caicedo,Putumayo,-76.605,0.685,13565,3915,17480
Puerto Carreño,Vichada,-67.487,6.187,2348,3873,6221
Puerto Colombia,Atlántico,-74.852,11.023,149,1878,2027
Puerto Concordia,Meta,-72.76,2.623,9661,3560,13221
Puerto Escondido,Córdoba,-76.26,9.005,2894,2669,5563
Puerto Gaitán,Meta,-72.083,4.314,7176,2472,9648
Puerto Guzmán,Putumayo,-76.409,0.963,27218,3246,30464
Puerto López,Meta,-72.957,4.093,4363,4693,9056
Puerto Libertador,Córdoba,-75.672,7.889,43171,32653,75824
Puerto Lleras,Meta,-73.374,3.27,9920,1791,11711
Puerto Nare,Antioquia,-74.583,6.186,2320,2421,4741
Puerto Nariño,Amazonas,-70.365,-3.78,58,10,68
Puerto Parra,Santander,-74.056,6.651,2578,2018,4596
Puerto Rico,Caquetá,-75.157,1.909,43625,11689,55314
Puerto Rico,Meta,-73.207,2.94,43625,11689,55314
Puerto Rondón,Arauca,-71.098,6.284,3292,1746,5038
Puerto Salgar,Cundinamarca,-74.653,5.465,580,1747,2327
Puerto Santander,Norte de Santander,-72.41,8.361,1769,1458,3227
Puerto Tejada,Cauca,-76.417,3.233,2182,1219,3401
Puerto Triunfo,Antioquia,-74.641,5.871,1883,4898,6781
Puerto Wilches,Santander,-73.899,7.349,8948,5539,14487
Pulí,Cundinamarca,-74.714,4.682,1566,203,1769
Pupiales,Nariño,-77.634,0.867,133,445,578
Purísima,Córdoba,-75.725,9.239,408,775,1183
Puracé,Cauca,-76.496,2.343,1901,110,2011
Purificación,Tolima,-74.929,3.859,2493,1027,3520
Quípama,Boyacá,-74.178,5.518,373,117,490
Quebradanegra,Cundinamarca,-74.48,5.118,859,347,1206
Quetame,Cundinamarca,-73.863,4.33,178,49,227
Quibdó,Chocó,-76.626,5.692,42557,79835,122392
Quimbaya,Quindío,-75.765,4.624,574,3390,3964
Quinchía,Risaralda,-75.73,5.34,11373,2972,14345
Quipile,Cundinamarca,-74.534,4.745,1768,228,1996
Ráquira,Boyacá,-73.632,5.539,5,0,5
Río Iro,Chocó,-76.473,5.186,2675,1038,3713
Río Quito,Chocó,-76.741,5.484,3877,1511,5388
Río Viejo,Bolívar,-73.84,8.588,12015,3503,15518
Río de Oro,Cesar,-73.386,8.292,2058,1613,3671
Ragonvalia,Norte de Santander,-72.477,7.578,231,112,343
Ramiriquí,Boyacá,-73.335,5.4,132,108,240
Recetor,Casanare,-72.761,5.229,2157,917,3074
Regidor,Bolívar,-73.822,8.666,3600,2328,5928
Remedios,Antioquia,-74.696,7.026,10649,3820,14469
Remolino,Magdalena,-74.716,10.702,15427,4848,20275
Repelón,Atlántico,-75.125,10.493,1117,532,1649
Restrepo,Meta,-73.565,4.261,2368,4647,7015
Restrepo,Valle del Cauca,-76.523,3.821,2368,4647,7015
Retiro,Antioquia,-75.501,6.063,576,1794,2370
Ricaurte,Cundinamarca,-74.785,4.294,6263,5194,11457
Ricaurte,Nariño,-77.995,1.213,6263,5194,11457
Rioblanco,Tolima,-75.644,3.53,26551,4089,30640
Riofrío,Valle del Cauca,-76.288,4.157,3482,2821,6303
Riohacha,La Guajira,-72.911,11.529,38944,65043,103987
Rionegro,Antioquia,-75.377,6.147,8877,16093,24970
Rionegro,Santander,-73.15,7.265,8877,16093,24970
Riosucio,Caldas,-75.702,5.424,86082,20902,106984
Riosucio,Chocó,-77.113,7.437,86082,20902,106984
Risaralda,Caldas,-75.767,5.165,723,745,1468
Rivera,Huila,-75.259,2.778,1388,2122,3510
Roberto Payán,Nariño,-78.246,1.698,11301,2477,13778
Roldanillo,Valle del Cauca,-76.152,4.414,2690,1970,4660
Roncesvalles,Tolima,-75.606,4.012,3443,197,3640
Rondón,Boyacá,-73.208,5.357,65,36,101
Rosas,Cauca,-76.74,2.261,3107,1524,4631
Rovira,Tolima,-75.241,4.239,12308,2896,15204
Sácama,Casanare,-72.25,6.097,1064,780,1844
Sáchica,Boyacá,-73.543,5.584,11,11,22
Sabana de Torres,Santander,-73.499,7.392,8233,3544,11777
Sabanagrande,Atlántico,-74.759,10.791,472,4376,4848
Sabanalarga,Antioquia,-75.817,6.85,7016,7900,14916
Sabanalarga,Atlántico,-74.921,10.633,7016,7900,14916
Sabanalarga,Casanare,-73.039,4.855,7016,7900,14916
Sabanas de San Angel,Magdalena,-74.214,10.033,16532,2481,19013
Sabaneta,Antioquia,-75.616,6.151,308,1711,2019
Saboyá,Boyacá,-73.765,5.698,50,18,68
Sahagún,Córdoba,-75.446,8.943,2130,5436,7566
Saladoblanco,Huila,-76.044,1.992,1610,1791,3401
Salamina,Caldas,-75.487,5.403,9403,3512,12915
Salamina,Magdalena,-74.794,10.491,9403,3512,12915
Salazar,Norte de Santander,-72.813,7.774,1251,399,1650
Saldaña,Tolima,-75.016,3.927,1786,380,2166
Salento,Quindío,-75.571,4.637,593,714,1307
Salgar,Antioquia,-75.982,5.966,8674,2951,11625
Samacá,Boyacá,-73.486,5.492,56,347,403
Samaná,Caldas,-74.992,5.413,40218,19778,59996
Samaniego,Nariño,-77.594,1.335,14414,16401,30815
Sampués,Sucre,-75.38,9.183,1737,4778,6515
San Agustín,Huila,-76.27,1.881,5136,2991,8127
San Alberto,Cesar,-73.394,7.761,7948,2411,10359
San Andrés,San Andrés,-81.696,12.583,902,233,1135
San Andrés,Santander,-72.849,6.812,902,233,1135
San Andrés Sotavento,Córdoba,-75.509,9.145,3756,3228,6984
San Andrés de Cuerquía,Antioquia,-75.675,6.917,3382,1648,5030
San Andres de Tumaco,Nariño,-78.764,1.807,137343,106392,243735
San Antero,Córdoba,-75.761,9.376,1434,854,2288
San Antonio,Tolima,-75.481,3.913,11315,959,12274
San Antonio del Tequendama,Cundinamarca,-74.351,4.616,229,230,459
San Benito,Santander,-73.509,6.126,259,27,286
San Benito Abad,Sucre,-75.031,8.93,15136,8028,23164
San Bernardo,Cundinamarca,-74.423,4.179,1398,743,2141
San Bernardo,Nariño,-77.047,1.514,1398,743,2141
San Bernardo del Viento,Córdoba,-75.955,9.352,3691,1764,5455
San Calixto,Norte de Santander,-73.206,8.4,10264,4805,15069
San Carlos,Antioquia,-74.988,6.188,32413,10969,43382
San Carlos,Córdoba,-75.699,8.799,32413,10969,43382
San Carlos de Guaroa,Meta,-73.241,3.711,1112,769,1881
San Cayetano,Cundinamarca,-74.025,5.333,450,257,707
San Cayetano,Norte de Santander,-72.625,7.876,450,257,707
San Cristóbal,Bolívar,-75.066,10.393,709,456,1165
San Diego,Cesar,-73.181,10.333,15282,12169,27451
San Eduardo,Boyacá,-73.077,5.224,193,48,241
San Estanislao,Bolívar,-75.153,10.398,1296,630,1926
San Fernando,Bolívar,-74.324,9.214,624,189,813
San Francisco,Antioquia,-75.103,5.964,15249,6881,22130
San Francisco,Cundinamarca,-74.29,4.973,15249,6881,22130
San Francisco,Putumayo,-76.879,1.174,15249,6881,22130
San Gil,Santander,-73.137,6.556,303,793,1096
San Jacinto,Bolívar,-75.121,9.83,34530,20576,55106
San Jacinto del Cauca,Bolívar,-74.721,8.252,3873,1746,5619
San Jerónimo,Antioquia,-75.727,6.448,790,729,1519
San Joaquín,Santander,-72.868,6.428,169,52,221
San José,Caldas,-75.792,5.082,327,319,646
San José de La Montaña,Antioquia,-75.683,6.85,837,480,1317
San José de Miranda,Santander,-72.734,6.659,177,10,187
San José de Pare,Boyacá,-73.545,6.019,72,153,225
San José de Uré,Córdoba,-75.533,7.787,5502,4736,10238
San José del Fragua,Caquetá,-75.974,1.332,15393,4571,19964
San José del Guaviare,Guaviare,-72.639,2.566,40898,29546,70444
San José del Palmar,Chocó,-76.233,4.898,7871,1160,9031
San Juan Nepomuceno,Bolívar,-75.081,9.953,28149,20355,48504
San Juan de Arama,Meta,-73.876,3.374,6999,3188,10187
San Juan de Betulia,Sucre,-75.244,9.273,1934,1447,3381
San Juan de Río Seco,Cundinamarca,-74.622,4.848,2593,692,3285
San Juan de Urabá,Antioquia,-76.529,8.759,13425,13238,26663
San Juan del Cesar,La Guajira,-73.001,10.77,18605,16007,34612
San Juanito,Meta,-73.677,4.458,685,171,856
San Lorenzo,Nariño,-77.215,1.503,1258,2086,3344
San Luis,Antioquia,-74.994,6.043,27112,12860,39972
San Luis,Tolima,-75.096,4.134,27112,12860,39972
San Luis de Gaceno,Boyacá,-73.168,4.82,672,344,1016
San Luis de Palenque,Casanare,-71.733,5.421,871,278,1149
San Luis de Sincé,Sucre,-75.146,9.244,1585,2919,4504
San Marcos,Sucre,-75.132,8.665,5269,4013,9282
San Martín,Cesar,-73.511,8,7503,9900,17403
San Martín,Meta,-73.696,3.702,7503,9900,17403
San Martín de Loba,Bolívar,-74.039,8.937,10360,3764,14124
San Mateo,Boyacá,-72.555,6.402,493,26,519
San Miguel,Putumayo,-76.912,0.343,19959,4582,24541
San Miguel,Santander,-72.644,6.576,19959,4582,24541
San Miguel de Sema,Boyacá,-73.722,5.518,7,0,7
San Onofre,Sucre,-75.523,9.737,49563,24672,74235
San Pablo,Bolívar,-73.924,7.477,41175,26451,67626
San Pablo,Nariño,-77.014,1.669,41175,26451,67626
San Pablo de Borbur,Boyacá,-74.07,5.651,738,121,859
San Pedro,Antioquia,-75.557,6.46,14388,12191,26579
San Pedro,Sucre,-75.063,9.396,14388,12191,26579
San Pedro,Valle del Cauca,-76.229,3.995,14388,12191,26579
San Pedro de Cartago,Nariño,-77.119,1.552,252,313,565
San Pedro de Urabá,Antioquia,-76.381,8.277,28290,20114,48404
San Pelayo,Córdoba,-75.835,8.958,2940,6746,9686
San Rafael,Antioquia,-75.028,6.294,21227,9129,30356
San Roque,Antioquia,-75.019,6.486,8622,5140,13762
San Sebastián,Cauca,-76.769,1.838,3470,231,3701
San Sebastián de Buenavista,Magdalena,-74.352,9.241,1416,497,1913
San Vicente,Antioquia,-75.333,6.282,8505,3540,12045
San Vicente de Chucurí,Santander,-73.411,6.88,9234,2972,12206
San Vicente del Caguán,Caquetá,-74.767,2.12,43578,8248,51826
San Zenón,Magdalena,-74.499,9.245,461,145,606
Sandoná,Nariño,-77.47,1.286,1321,2852,4173
Santa Ana,Magdalena,-74.568,9.322,1913,1066,2979
Santa Bárbara,Antioquia,-75.567,5.876,12275,6753,19028
Santa Bárbara,Nariño,-77.979,2.45,12275,6753,19028
Santa Bárbara,Santander,-72.907,6.991,12275,6753,19028
Santa Bárbara de Pinto,Magdalena,-74.705,9.432,610,726,1336
Santa Catalina,Bolívar,-75.288,10.605,1008,529,1537
Santa Helena del Opón,Santander,-73.617,6.34,1683,229,1912
Santa Isabel,Tolima,-75.098,4.714,3391,436,3827
Santa Lucía,Atlántico,-74.959,10.323,142,489,631
Santa María,Boyacá,-73.264,4.857,2623,1234,3857
Santa María,Huila,-75.586,2.94,2623,1234,3857
Santa Marta,Magdalena,-74.191,11.229,88869,188417,277286
Santa Rosa,Bolívar,-75.37,10.444,17221,6713,23934
Santa Rosa,Cauca,-76.574,1.702,17221,6713,23934
Santa Rosa de Cabal,Risaralda,-75.62,4.868,856,4526,5382
Santa Rosa de Osos,Antioquia,-75.461,6.643,1953,2069,4022
Santa Rosa de Viterbo,Boyacá,-72.982,5.875,48,115,163
Santa Rosa del Sur,Bolívar,-74.053,7.963,15559,13637,29196
Santa Rosalía,Vichada,-70.86,5.136,803,234,1037
Santa Sofía,Boyacá,-73.603,5.713,13,5,18
Santacruz,Nariño,-77.677,1.222,3993,1424,5417
Santafé de Antioquia,Antioquia,-75.827,6.557,3578,2318,5896
Santana,Boyacá,-73.481,6.057,158,103,261
Santander de Quilichao,Cauca,-76.485,3.016,7579,17332,24911
Santiago,Norte de Santander,-72.717,7.865,2025,1742,3767
Santiago,Putumayo,-77.002,1.146,2025,1742,3767
Santiago de Tolú,Sucre,-75.581,9.525,3066,3063,6129
Santo Domingo,Antioquia,-75.168,6.475,4101,2088,6189
Santo Tomás,Atlántico,-74.754,10.756,180,2038,2218
Santuario,Risaralda,-75.962,5.073,3233,2519,5752
Sapuyes,Nariño,-77.62,1.038,79,26,105
Saravena,Arauca,-71.872,6.954,15659,13172,28831
Sardinata,Norte de Santander,-72.801,8.082,14003,5697,19700
Sasaima,Cundinamarca,-74.433,4.962,664,626,1290
Sativanorte,Boyacá,-72.708,6.131,85,10,95
Sativasur,Boyacá,-72.712,6.093,22,0,22
Segovia,Antioquia,-74.702,7.08,13618,4310,17928
Sesquilé,Cundinamarca,-73.796,5.045,52,39,91
Sevilla,Valle del Cauca,-75.931,4.267,4342,3112,7454
Siachoque,Boyacá,-73.245,5.512,25,8,33
Sibaté,Cundinamarca,-74.259,4.49,288,861,1149
Sibundoy,Putumayo,-76.917,1.2,1078,6166,7244
Silos,Norte de Santander,-72.757,7.205,177,18,195
Silvania,Cundinamarca,-74.406,4.382,3276,2046,5322
Silvia,Cauca,-76.38,2.612,2145,894,3039
Simacota,Santander,-73.337,6.443,4247,645,4892
Simijaca,Cundinamarca,-73.85,5.505,53,44,97
Simití,Bolívar,-73.947,7.954,17078,5513,22591
Sincelejo,Sucre,-75.395,9.302,14314,159681,173995
Sipí,Chocó,-76.644,4.651,2900,509,3409
Sitionuevo,Magdalena,-74.72,10.775,20687,4903,25590
Soacha,Cundinamarca,-74.215,4.585,3301,54470,57771
Soatá,Boyacá,-72.684,6.332,148,60,208
Socha,Boyacá,-72.692,5.997,245,151,396
Socorro,Santander,-73.261,6.464,353,1016,1369
Socotá,Boyacá,-72.637,6.041,707,93,800
Sogamoso,Boyacá,-72.923,5.726,471,3789,4260
Solano,Caquetá,-75.254,0.699,13105,1508,14613
Soledad,Atlántico,-74.785,10.91,2953,62593,65546
Solita,Caquetá,-75.62,0.877,12372,3088,15460
Somondoco,Boyacá,-73.433,4.986,78,52,130
Sonsón,Antioquia,-75.309,5.715,21054,12990,34044
Sopó,Cundinamarca,-73.946,4.906,56,78,134
Sopetrán,Antioquia,-75.747,6.501,1224,962,2186
Soplaviento,Bolívar,-75.136,10.388,278,183,461
Sora,Boyacá,-73.45,5.567,3,0,3
Soracá,Boyacá,-73.333,5.501,12,8,20
Sotaquirá,Boyacá,-73.247,5.765,19,21,40
Sotara,Cauca,-76.613,2.253,2202,287,2489
Suárez,Cauca,-76.693,2.96,9318,5106,14424
Suárez,Tolima,-74.832,4.049,9318,5106,14424
Suaita,Santander,-73.438,6.104,499,268,767
Suan,Atlántico,-74.882,10.335,119,506,625
Suaza,Huila,-75.795,1.976,2131,4588,6719
Subachoque,Cundinamarca,-74.173,4.929,46,83,129
Sucre,Cauca,-76.926,2.038,23252,6784,30036
Sucre,Santander,-73.791,5.919,23252,6784,30036
Sucre,Sucre,-74.723,8.812,23252,6784,30036
Suesca,Cundinamarca,-73.798,5.104,11,46,57
Supía,Caldas,-75.65,5.447,1539,2014,3553
Supatá,Cundinamarca,-74.235,5.062,102,31,133
Suratá,Santander,-72.984,7.367,2018,475,2493
Susa,Cundinamarca,-73.814,5.455,18,1,19
Susacón,Boyacá,-72.69,6.23,142,2,144
Sutamarchán,Boyacá,-73.621,5.62,12,8,20
Sutatenza,Boyacá,-73.452,5.023,17,11,28
Támara,Casanare,-72.162,5.83,1992,425,2417
Támesis,Antioquia,-75.714,5.664,1780,654,2434
Tópaga,Boyacá,-72.832,5.768,20,6,26
Túquerres,Nariño,-77.617,1.085,885,1602,2487
Tabio,Cundinamarca,-74.096,4.917,33,116,149
Tadó,Chocó,-76.559,5.264,13336,7645,20981
Talaigua Nuevo,Bolívar,-74.568,9.305,707,812,1519
Tamalameque,Cesar,-73.812,8.862,2798,1870,4668
Tame,Arauca,-71.759,6.449,45191,21292,66483
Taminango,Nariño,-77.28,1.57,2010,13646,15656
Tangua,Nariño,-77.393,1.095,2036,620,2656
Taraira,Vaupés,-69.639,-0.569,125,46,171
Tarazá,Antioquia,-75.401,7.58,31684,14066,45750
Tarqui,Huila,-75.824,2.111,2659,3514,6173
Tarso,Antioquia,-75.823,5.863,456,154,610
Tasco,Boyacá,-72.781,5.91,72,79,151
Tauramena,Casanare,-72.747,5.019,3366,2631,5997
Tausa,Cundinamarca,-73.886,5.197,22,3,25
Tello,Huila,-75.139,3.068,4697,786,5483
Tena,Cundinamarca,-74.39,4.655,142,142,284
Tenerife,Magdalena,-74.861,9.898,8807,3369,12176
Tenjo,Cundinamarca,-74.144,4.872,27,47,74
Tenza,Boyacá,-73.421,5.077,6,5,11
Teorama,Norte de Santander,-73.287,8.436,19577,6794,26371
Teruel,Huila,-75.567,2.741,875,586,1461
Tesalia,Huila,-75.73,2.486,842,1040,1882
Tibú,Norte de Santander,-72.736,8.64,60437,11225,71662
Tibacuy,Cundinamarca,-74.452,4.348,1413,449,1862
Tibaná,Boyacá,-73.396,5.317,53,0,53
Tibasosa,Boyacá,-72.999,5.747,10,52,62
Tibirita,Cundinamarca,-73.505,5.052,52,54,106
Tierralta,Córdoba,-76.06,8.17,97806,40541,138347
Timaná,Huila,-75.932,1.974,1231,2047,3278
Timbío,Cauca,-76.684,2.35,5216,5548,10764
Timbiquí,Cauca,-77.668,2.777,17896,11226,29122
Tinjacá,Boyacá,-73.647,5.58,5,0,5
Tipacoque,Boyacá,-72.693,6.419,28,0,28
Tiquisio,Bolívar,-74.264,8.558,27665,8247,35912
Titiribí,Antioquia,-75.792,6.061,532,370,902
Toca,Boyacá,-73.185,5.566,9,13,22
Tocaima,Cundinamarca,-74.636,4.459,638,289,927
Tocancipá,Cundinamarca,-73.912,4.965,26,260,286
Togüí,Boyacá,-73.514,5.937,63,49,112
Tolú Viejo,Sucre,-75.441,9.452,17497,7637,25134
Toledo,Antioquia,-75.691,7.01,5072,2263,7335
Toledo,Norte de Santander,-72.485,7.31,5072,2263,7335
Tona,Santander,-72.966,7.203,479,131,610
Topaipí,Cundinamarca,-74.303,5.336,3021,904,3925
Toribio,Cauca,-76.271,2.951,9093,3467,12560
Toro,Valle del Cauca,-76.077,4.608,966,713,1679
Tota,Boyacá,-72.986,5.56,19,0,19
Totoró,Cauca,-76.402,2.51,1167,128,1295
Trinidad,Casanare,-71.663,5.412,1561,737,2298
Trujillo,Valle del Cauca,-76.319,4.212,4985,2356,7341
Tubará,Atlántico,-74.979,10.874,201,277,478
Tuchín,Córdoba,-75.554,9.187,710,1141,1851
Tuluá,Valle del Cauca,-76.198,4.085,22167,27899,50066
Tunja,Boyacá,-73.355,5.54,287,3053,3340
Tununguá,Boyacá,-73.933,5.731,61,3,64
Turbaco,Bolívar,-75.424,10.333,3203,5401,8604
Turbaná,Bolívar,-75.443,10.274,708,281,989
Turbo,Antioquia,-76.729,8.089,120055,96705,216760
Turmequé,Boyacá,-73.492,5.323,10,2,12
Tuta,Boyacá,-73.226,5.691,22,13,35
Tutazá,Boyacá,-72.856,6.033,103,19,122
Ubalá,Cundinamarca,-73.534,4.744,832,172,1004
Ubaque,Cundinamarca,-73.933,4.484,211,104,315
Ulloa,Valle del Cauca,-75.738,4.703,242,263,505
Umbita,Boyacá,-73.457,5.221,78,94,172
Une,Cundinamarca,-74.025,4.402,356,231,587
Unguía,Chocó,-77.092,8.043,17061,9695,26756
Unión Panamericana,Chocó,-76.628,5.281,433,685,1118
Uramita,Antioquia,-76.173,6.898,6311,3832,10143
Uribe,Meta,-74.352,3.24,8555,934,9489
Uribia,La Guajira,-72.265,11.715,2455,1611,4066
Urrao,Antioquia,-76.134,6.317,35879,20399,56278
Urumita,La Guajira,-73.013,10.56,3175,3539,6714
Usiacurí,Atlántico,-74.977,10.743,34,31,65
Vélez,Santander,-73.666,6.011,723,715,1438
Valdivia,Antioquia,-75.439,7.165,8814,6074,14888
Valencia,Córdoba,-76.151,8.255,34266,24203,58469
Valle de San José,Santander,-73.144,6.448,74,59,133
Valle de San Juan,Tolima,-75.116,4.197,1292,588,1880
Valle del Guamuez,Putumayo,-76.906,0.424,38534,12088,50622
Valledupar,Cesar,-73.259,10.46,84116,132647,216763
Valparaíso,Antioquia,-75.624,5.615,15143,4173,19316
Valparaíso,Caquetá,-75.707,1.195,15143,4173,19316
Vegachí,Antioquia,-74.799,6.773,4743,1900,6643
Venadillo,Tolima,-74.929,4.718,3278,936,4214
Venecia,Antioquia,-75.736,5.965,1868,952,2820
Venecia,Cundinamarca,-74.478,4.089,1868,952,2820
Ventaquemada,Boyacá,-73.522,5.369,38,18,56
Vergara,Cundinamarca,-74.346,5.117,987,425,1412
Versalles,Valle del Cauca,-76.199,4.575,1290,297,1587
Vetas,Santander,-72.871,7.31,73,2,75
Vianí,Cundinamarca,-74.561,4.875,563,114,677
Victoria,Caldas,-74.911,5.317,1124,885,2009
Vigía del Fuerte,Antioquia,-76.896,6.588,12734,2617,15351
Vijes,Valle del Cauca,-76.442,3.699,219,295,514
Villa Caro,Norte de Santander,-72.974,7.914,272,204,476
Villa Rica,Cauca,-76.458,3.178,294,813,1107
Villa de Leyva,Boyacá,-73.525,5.633,1,6,7
Villa de San Diego de Ubaté,Cundinamarca,-73.814,5.308,90,438,528
Villa del Rosario,Norte de Santander,-72.47,7.847,2856,6427,9283
Villagómez,Cundinamarca,-74.195,5.273,446,96,542
Villagarzón,Putumayo,-76.617,1.029,11697,8062,19759
Villahermosa,Tolima,-75.118,5.03,5066,611,5677
Villamaría,Caldas,-75.514,5.044,719,1695,2414
Villanueva,Bolívar,-75.275,10.444,19879,13291,33170
Villanueva,Casanare,-72.927,4.61,19879,13291,33170
Villanueva,La Guajira,-72.978,10.609,19879,13291,33170
Villanueva,Santander,-73.174,6.67,19879,13291,33170
Villapinzón,Cundinamarca,-73.595,5.216,709,515,1224
Villarrica,Tolima,-74.6,3.937,5117,402,5519
Villavicencio,Meta,-73.627,4.124,9331,105098,114429
Villavieja,Huila,-75.217,3.221,988,434,1422
Villeta,Cundinamarca,-74.47,5.013,1028,687,1715
Viotá,Cundinamarca,-74.523,4.439,11073,5786,16859
Viracachá,Boyacá,-73.297,5.437,6,0,6
Vistahermosa,Meta,-73.751,3.126,37379,10290,47669
Viterbo,Caldas,-75.871,5.063,564,766,1330
Yacopí,Cundinamarca,-74.338,5.459,6209,1525,7734
Yacuanquer,Nariño,-77.403,1.115,129,291,420
Yaguará,Huila,-75.518,2.665,151,473,624
Yalí,Antioquia,-74.84,6.677,1725,450,2175
Yarumal,Antioquia,-75.419,6.964,7038,8457,15495
Yolombó,Antioquia,-75.013,6.595,6163,2505,8668
Yondó,Antioquia,-73.912,7.004,15328,4960,20288
Yopal,Casanare,-72.397,5.328,7637,21464,29101
Yotoco,Valle del Cauca,-76.382,3.861,457,949,1406
Yumbo,Valle del Cauca,-76.5,3.529,1382,7574,8956
Zambrano,Bolívar,-74.814,9.747,18534,8517,27051
Zapatoca,Santander,-73.268,6.814,843,255,1098
Zapayán,Magdalena,-74.717,10.168,3191,765,3956
Zaragoza,Antioquia,-74.867,7.489,14448,5318,19766
Zarzal,Valle del Cauca,-76.071,4.393,1432,1881,3313
Zetaquira,Boyacá,-73.169,5.282,223,160,383
Zipacón,Cundinamarca,-74.38,4.76,2,21,23
Zipaquirá,Cundinamarca,-73.994,5.025,119,933,1052
Zona Bananera,Magdalena,-74.14,10.763,35534,12400,47934
